State Name,State Reopen Status,Metropolitan Statistical Area,MSA Reopen Status_Replaced,State Code
TX - Texas,Proactive Remote,"Abilene, TX",Proactive Remote,TX 
TX - Texas,Proactive Remote,"Alice, TX",Proactive Remote,TX 
TX - Texas,Proactive Remote,"Amarillo, TX",Proactive Remote,TX 
TX - Texas,Proactive Remote,"Andrews, TX",Proactive Remote,TX 
TX - Texas,Proactive Remote,"Athens, TX",Proactive Remote,TX 
TX - Texas,Proactive Remote,"Austin-Round Rock-Georgetown, TX",Proactive Remote,TX 
TX - Texas,Proactive Remote,"Bay City, TX",Proactive Remote,TX 
TX - Texas,Proactive Remote,"Beaumont-Port Arthur, TX",Proactive Remote,TX 
TX - Texas,Proactive Remote,"Beeville, TX",Proactive Remote,TX 
TX - Texas,Proactive Remote,"Big Spring, TX",Proactive Remote,TX 
TX - Texas,Proactive Remote,"Bonham, TX",Proactive Remote,TX 
TX - Texas,Proactive Remote,"Borger, TX",Proactive Remote,TX 
TX - Texas,Proactive Remote,"Brenham, TX",Proactive Remote,TX 
TX - Texas,Proactive Remote,"Brownsville-Harlingen, TX",Proactive Remote,TX 
TX - Texas,Proactive Remote,"Brownwood, TX",Proactive Remote,TX 
TX - Texas,Proactive Remote,"College Station-Bryan, TX",Proactive Remote,TX 
TX - Texas,Proactive Remote,"Corpus Christi, TX",Proactive Remote,TX 
TX - Texas,Proactive Remote,"Corsicana, TX",Proactive Remote,TX 
TX - Texas,Proactive Remote,"Dallas-Fort Worth-Arlington, TX",Proactive Remote,TX 
TX - Texas,Proactive Remote,"Del Rio, TX",Proactive Remote,TX 
TX - Texas,Proactive Remote,"Dumas, TX",Proactive Remote,TX 
TX - Texas,Proactive Remote,"Eagle Pass, TX",Proactive Remote,TX 
TX - Texas,Proactive Remote,"El Campo, TX",Proactive Remote,TX 
TX - Texas,Proactive Remote,"El Paso, TX",Proactive Remote,TX 
TX - Texas,Proactive Remote,"Fredericksburg, TX",Proactive Remote,TX 
TX - Texas,Proactive Remote,"Gainesville, TX",Proactive Remote,TX 
TX - Texas,Proactive Remote,"Granbury, TX",Proactive Remote,TX 
TX - Texas,Proactive Remote,"Hereford, TX",Proactive Remote,TX 
TX - Texas,Proactive Remote,"Houston-The Woodlands-Sugar Land, TX",Proactive Remote,TX 
TX - Texas,Proactive Remote,"Huntsville, TX",Proactive Remote,TX 
TX - Texas,Proactive Remote,"Jacksonville, TX",Proactive Remote,TX 
TX - Texas,Proactive Remote,"Kerrville, TX",Proactive Remote,TX 
TX - Texas,Proactive Remote,"Killeen-Temple, TX",Proactive Remote,TX 
TX - Texas,Proactive Remote,"Kingsville, TX",Proactive Remote,TX 
TX - Texas,Proactive Remote,"Lamesa, TX",Proactive Remote,TX 
TX - Texas,Proactive Remote,"Laredo, TX",Proactive Remote,TX 
TX - Texas,Proactive Remote,"Levelland, TX",Proactive Remote,TX 
TX - Texas,Proactive Remote,"Longview, TX",Proactive Remote,TX 
TX - Texas,Proactive Remote,"Lubbock, TX",Proactive Remote,TX 
TX - Texas,Proactive Remote,"Lufkin, TX",Proactive Remote,TX 
TX - Texas,Proactive Remote,"McAllen-Edinburg-Mission, TX",Proactive Remote,TX 
TX - Texas,Proactive Remote,"Midland, TX",Proactive Remote,TX 
TX - Texas,Proactive Remote,"Mineral Wells, TX",Proactive Remote,TX 
TX - Texas,Proactive Remote,"Mount Pleasant, TX",Proactive Remote,TX 
TX - Texas,Proactive Remote,"Nacogdoches, TX",Proactive Remote,TX 
TX - Texas,Proactive Remote,"Odessa, TX",Proactive Remote,TX 
TX - Texas,Proactive Remote,"Palestine, TX",Proactive Remote,TX 
TX - Texas,Proactive Remote,"Pampa, TX",Proactive Remote,TX 
TX - Texas,Proactive Remote,"Paris, TX",Proactive Remote,TX 
TX - Texas,Proactive Remote,"Pearsall, TX",Proactive Remote,TX 
TX - Texas,Proactive Remote,"Pecos, TX",Proactive Remote,TX 
TX - Texas,Proactive Remote,"Plainview, TX",Proactive Remote,TX 
TX - Texas,Proactive Remote,"Port Lavaca, TX",Proactive Remote,TX 
TX - Texas,Proactive Remote,"Raymondville, TX",Proactive Remote,TX 
TX - Texas,Proactive Remote,"Rio Grande City-Roma, TX",Proactive Remote,TX 
TX - Texas,Proactive Remote,"Rockport, TX",Proactive Remote,TX 
TX - Texas,Proactive Remote,"San Angelo, TX",Proactive Remote,TX 
TX - Texas,Proactive Remote,"San Antonio-New Braunfels, TX",Proactive Remote,TX 
TX - Texas,Proactive Remote,"Sherman-Denison, TX",Proactive Remote,TX 
TX - Texas,Proactive Remote,"Snyder, TX",Proactive Remote,TX 
TX - Texas,Proactive Remote,"Stephenville, TX",Proactive Remote,TX 
TX - Texas,Proactive Remote,"Sulphur Springs, TX",Proactive Remote,TX 
TX - Texas,Proactive Remote,"Sweetwater, TX",Proactive Remote,TX 
TX - Texas,Proactive Remote,"Texarkana, TX-AR",Proactive Remote,TX 
TX - Texas,Proactive Remote,"Tyler, TX",Proactive Remote,TX 
TX - Texas,Proactive Remote,"Uvalde, TX",Proactive Remote,TX 
TX - Texas,Proactive Remote,"Vernon, TX",Proactive Remote,TX 
TX - Texas,Proactive Remote,"Victoria, TX",Proactive Remote,TX 
TX - Texas,Proactive Remote,"Waco, TX",Proactive Remote,TX 
TX - Texas,Proactive Remote,"Wichita Falls, TX",Proactive Remote,TX 
TX - Texas,Proactive Remote,"Zapata, TX",Proactive Remote,TX 
SD - South Dakota,Proactive Remote,"Aberdeen, SD",Proactive Remote,SD 
WA - Washington,Reactive Remote,"Aberdeen, WA",Reactive Remote,WA 
OK - Oklahoma,Proactive Remote,"Ada, OK",Proactive Remote,OK 
MI - Michigan,Reactive Remote,"Adrian, MI",Reactive Remote,MI 
OH - Ohio,Proactive Remote,"Akron, OH",Proactive Remote,OH 
NM - New Mexico,Proactive Remote,"Alamogordo, NM",Proactive Remote,NM 
GA - Georgia,Proactive Remote,"Albany, GA",Proactive Remote,GA 
OR - Oregon,Reactive Remote,"Albany-Lebanon, OR",Reactive Remote,OR 
NY - New York,Reactive Remote,"Albany-Schenectady-Troy, NY",Reactive Remote,NY 
NC - North Carolina,Proactive Remote,"Albemarle, NC",Proactive Remote,NC 
MN - Minnesota,Proactive Remote,"Albert Lea, MN",Proactive Remote,MN 
AL - Alabama,Proactive Remote,"Albertville, AL",Proactive Remote,AL 
NM - New Mexico,Proactive Remote,"Albuquerque, NM",Proactive Remote,NM 
AL - Alabama,Proactive Remote,"Alexander City, AL",Proactive Remote,AL 
LA - Louisiana,Proactive Remote,"Alexandria, LA",Proactive Remote,LA 
MN - Minnesota,Proactive Remote,"Alexandria, MN",Proactive Remote,MN 
NJ - New Jersey,Reactive Remote,"Allentown-Bethlehem-Easton, PA-NJ",Reactive Remote,NJ 
PA - Pennsylvania,Proactive Remote,"Allentown-Bethlehem-Easton, PA-NJ",Proactive Remote,PA 
MI - Michigan,Reactive Remote,"Alma, MI",Reactive Remote,MI 
MI - Michigan,Reactive Remote,"Alpena, MI",Reactive Remote,MI 
PA - Pennsylvania,Proactive Remote,"Altoona, PA",Proactive Remote,PA 
OK - Oklahoma,Proactive Remote,"Altus, OK",Proactive Remote,OK 
GA - Georgia,Proactive Remote,"Americus, GA",Proactive Remote,GA 
IA - Iowa,Proactive Remote,"Ames, IA",Proactive Remote,IA 
NY - New York,Reactive Remote,"Amsterdam, NY",Reactive Remote,NY 
AK - Alaska,Proactive Remote,"Anchorage, AK",Proactive Remote,AK 
IN - Indiana,Proactive Remote,"Angola, IN",Proactive Remote,IN 
MI - Michigan,Reactive Remote,"Ann Arbor, MI",Reactive Remote,MI 
AL - Alabama,Proactive Remote,"Anniston-Oxford, AL",Proactive Remote,AL 
WI - Wisconsin,Proactive Remote,"Appleton, WI",Proactive Remote,WI 
FL - Florida,Proactive Remote,"Arcadia, FL",Proactive Remote,FL 
OK - Oklahoma,Proactive Remote,"Ardmore, OK",Proactive Remote,OK 
AR - Arkansas,Proactive Remote,"Arkadelphia, AR",Proactive Remote,AR 
NC - North Carolina,Proactive Remote,"Asheville, NC",Proactive Remote,NC 
OH - Ohio,Proactive Remote,"Ashland, OH",Proactive Remote,OH 
OH - Ohio,Proactive Remote,"Ashtabula, OH",Proactive Remote,OH 
OR - Oregon,Reactive Remote,"Astoria, OR",Reactive Remote,OR 
KS - Kansas,Proactive Remote,"Atchison, KS",Proactive Remote,KS 
OH - Ohio,Proactive Remote,"Athens, OH",Proactive Remote,OH 
TN - Tennessee,Proactive Remote,"Athens, TN",Proactive Remote,TN 
GA - Georgia,Proactive Remote,"Athens-Clarke County, GA",Proactive Remote,GA 
GA - Georgia,Proactive Remote,"Atlanta-Sandy Springs-Alpharetta, GA",Proactive Remote,GA 
NJ - New Jersey,Reactive Remote,"Atlantic City-Hammonton, NJ",Reactive Remote,NJ 
AL - Alabama,Proactive Remote,"Atmore, AL",Proactive Remote,AL 
IN - Indiana,Proactive Remote,"Auburn, IN",Proactive Remote,IN 
NY - New York,Reactive Remote,"Auburn, NY",Reactive Remote,NY 
AL - Alabama,Proactive Remote,"Auburn-Opelika, AL",Proactive Remote,AL 
GA - Georgia,Proactive Remote,"Augusta-Richmond County, GA-SC",Proactive Remote,GA 
SC - South Carolina,Proactive Remote,"Augusta-Richmond County, GA-SC",Proactive Remote,SC 
ME - Maine,Proactive Remote,"Augusta-Waterville, ME",Proactive Remote,ME 
MN - Minnesota,Proactive Remote,"Austin, MN",Proactive Remote,MN 
GA - Georgia,Proactive Remote,"Bainbridge, GA",Proactive Remote,GA 
CA - California,Proactive Remote,"Bakersfield, CA",Proactive Remote,CA 
MD - Maryland,Proactive Remote,"Baltimore-Columbia-Towson, MD",Proactive Remote,MD 
ME - Maine,Proactive Remote,"Bangor, ME",Proactive Remote,ME 
WI - Wisconsin,Proactive Remote,"Baraboo, WI",Proactive Remote,WI 
KY - Kentucky,Proactive Remote,"Bardstown, KY",Proactive Remote,KY 
MA - Massachusetts,Reactive Remote,"Barnstable Town, MA",Reactive Remote,MA 
VT - Vermont,Proactive Remote,"Barre, VT",Proactive Remote,VT 
OK - Oklahoma,Proactive Remote,"Bartlesville, OK",Proactive Remote,OK 
NY - New York,Reactive Remote,"Batavia, NY",Reactive Remote,NY 
AR - Arkansas,Proactive Remote,"Batesville, AR",Proactive Remote,AR 
LA - Louisiana,Proactive Remote,"Baton Rouge, LA",Proactive Remote,LA 
MI - Michigan,Reactive Remote,"Battle Creek, MI",Reactive Remote,MI 
MI - Michigan,Reactive Remote,"Bay City, MI",Reactive Remote,MI 
NE - Nebraska,Proactive Remote,"Beatrice, NE",Proactive Remote,NE 
WI - Wisconsin,Proactive Remote,"Beaver Dam, WI",Proactive Remote,WI 
WV - West Virginia,Proactive Remote,"Beckley, WV",Proactive Remote,WV 
IN - Indiana,Proactive Remote,"Bedford, IN",Proactive Remote,IN 
OH - Ohio,Proactive Remote,"Bellefontaine, OH",Proactive Remote,OH 
WA - Washington,Reactive Remote,"Bellingham, WA",Reactive Remote,WA 
MN - Minnesota,Proactive Remote,"Bemidji, MN",Proactive Remote,MN 
OR - Oregon,Reactive Remote,"Bend, OR",Reactive Remote,OR 
SC - South Carolina,Proactive Remote,"Bennettsville, SC",Proactive Remote,SC 
VT - Vermont,Proactive Remote,"Bennington, VT",Proactive Remote,VT 
NH - New Hampshire,Proactive Remote,"Berlin, NH",Proactive Remote,NH 
MI - Michigan,Reactive Remote,"Big Rapids, MI",Reactive Remote,MI 
VA - Virginia,Proactive Remote,"Big Stone Gap, VA",Proactive Remote,VA 
MT - Montana,Proactive Remote,"Billings, MT",Proactive Remote,MT 
NY - New York,Reactive Remote,"Binghamton, NY",Reactive Remote,NY 
AL - Alabama,Proactive Remote,"Birmingham-Hoover, AL",Proactive Remote,AL 
ND - North Dakota,Proactive Remote,"Bismarck, ND",Proactive Remote,ND 
ID - Idaho,Proactive Remote,"Blackfoot, ID",Proactive Remote,ID 
VA - Virginia,Proactive Remote,"Blacksburg-Christiansburg, VA",Proactive Remote,VA 
IL - Illinois,Proactive Remote,"Bloomington, IL",Proactive Remote,IL 
IN - Indiana,Proactive Remote,"Bloomington, IN",Proactive Remote,IN 
PA - Pennsylvania,Proactive Remote,"Bloomsburg-Berwick, PA",Proactive Remote,PA 
VA - Virginia,Proactive Remote,"Bluefield, WV-VA",Proactive Remote,VA 
WV - West Virginia,Proactive Remote,"Bluefield, WV-VA",Proactive Remote,WV 
AR - Arkansas,Proactive Remote,"Blytheville, AR",Proactive Remote,AR 
LA - Louisiana,Proactive Remote,"Bogalusa, LA",Proactive Remote,LA 
ID - Idaho,Proactive Remote,"Boise City, ID",Proactive Remote,ID 
NC - North Carolina,Proactive Remote,"Boone, NC",Proactive Remote,NC 
MA - Massachusetts,Reactive Remote,"Boston-Cambridge-Newton, MA-NH",Reactive Remote,MA 
NH - New Hampshire,Proactive Remote,"Boston-Cambridge-Newton, MA-NH",Proactive Remote,NH 
CO - Colorado,Proactive Remote,"Boulder, CO",Proactive Remote,CO 
KY - Kentucky,Proactive Remote,"Bowling Green, KY",Proactive Remote,KY 
MT - Montana,Proactive Remote,"Bozeman, MT",Proactive Remote,MT 
PA - Pennsylvania,Proactive Remote,"Bradford, PA",Proactive Remote,PA 
MN - Minnesota,Proactive Remote,"Brainerd, MN",Proactive Remote,MN 
MO - Missouri,Proactive Remote,"Branson, MO",Proactive Remote,MO 
CO - Colorado,Proactive Remote,"Breckenridge, CO",Proactive Remote,CO 
WA - Washington,Reactive Remote,"Bremerton-Silverdale-Port Orchard, WA",Reactive Remote,WA 
NC - North Carolina,Proactive Remote,"Brevard, NC",Proactive Remote,NC 
CT - Connecticut,Proactive Remote,"Bridgeport-Stamford-Norwalk, CT",Proactive Remote,CT 
MS - Mississippi,Proactive Remote,"Brookhaven, MS",Proactive Remote,MS 
OR - Oregon,Reactive Remote,"Brookings, OR",Reactive Remote,OR 
SD - South Dakota,Proactive Remote,"Brookings, SD",Proactive Remote,SD 
TN - Tennessee,Proactive Remote,"Brownsville, TN",Proactive Remote,TN 
GA - Georgia,Proactive Remote,"Brunswick, GA",Proactive Remote,GA 
OH - Ohio,Proactive Remote,"Bucyrus-Galion, OH",Proactive Remote,OH 
NY - New York,Reactive Remote,"Buffalo-Cheektowaga, NY",Reactive Remote,NY 
ID - Idaho,Proactive Remote,"Burley, ID",Proactive Remote,ID 
IA - Iowa,Proactive Remote,"Burlington, IA-IL",Proactive Remote,IA 
IL - Illinois,Proactive Remote,"Burlington, IA-IL",Proactive Remote,IL 
NC - North Carolina,Proactive Remote,"Burlington, NC",Proactive Remote,NC 
VT - Vermont,Proactive Remote,"Burlington-South Burlington, VT",Proactive Remote,VT 
MT - Montana,Proactive Remote,"Butte-Silver Bow, MT",Proactive Remote,MT 
MI - Michigan,Reactive Remote,"Cadillac, MI",Reactive Remote,MI 
GA - Georgia,Proactive Remote,"Calhoun, GA",Proactive Remote,GA 
MD - Maryland,Proactive Remote,"California-Lexington Park, MD",Proactive Remote,MD 
MD - Maryland,Proactive Remote,"Cambridge, MD",Proactive Remote,MD 
OH - Ohio,Proactive Remote,"Cambridge, OH",Proactive Remote,OH 
AR - Arkansas,Proactive Remote,"Camden, AR",Proactive Remote,AR 
KY - Kentucky,Proactive Remote,"Campbellsville, KY",Proactive Remote,KY 
CO - Colorado,Proactive Remote,"Canon City, CO",Proactive Remote,CO 
OH - Ohio,Proactive Remote,"Canton-Massillon, OH",Proactive Remote,OH 
FL - Florida,Proactive Remote,"Cape Coral-Fort Myers, FL",Proactive Remote,FL 
IL - Illinois,Proactive Remote,"Cape Girardeau, MO-IL",Proactive Remote,IL 
MO - Missouri,Proactive Remote,"Cape Girardeau, MO-IL",Proactive Remote,MO 
IL - Illinois,Proactive Remote,"Carbondale-Marion, IL",Proactive Remote,IL 
NM - New Mexico,Proactive Remote,"Carlsbad-Artesia, NM",Proactive Remote,NM 
IA - Iowa,Proactive Remote,"Carroll, IA",Proactive Remote,IA 
NV - Nevada,Proactive Remote,"Carson City, NV",Proactive Remote,NV 
WY - Wyoming,Proactive Remote,"Casper, WY",Proactive Remote,WY 
UT - Utah,Proactive Remote,"Cedar City, UT",Proactive Remote,UT 
IA - Iowa,Proactive Remote,"Cedar Rapids, IA",Proactive Remote,IA 
GA - Georgia,Proactive Remote,"Cedartown, GA",Proactive Remote,GA 
OH - Ohio,Proactive Remote,"Celina, OH",Proactive Remote,OH 
KY - Kentucky,Proactive Remote,"Central City, KY",Proactive Remote,KY 
IL - Illinois,Proactive Remote,"Centralia, IL",Proactive Remote,IL 
WA - Washington,Reactive Remote,"Centralia, WA",Reactive Remote,WA 
PA - Pennsylvania,Proactive Remote,"Chambersburg-Waynesboro, PA",Proactive Remote,PA 
IL - Illinois,Proactive Remote,"Champaign-Urbana, IL",Proactive Remote,IL 
WV - West Virginia,Proactive Remote,"Charleston, WV",Proactive Remote,WV 
IL - Illinois,Proactive Remote,"Charleston-Mattoon, IL",Proactive Remote,IL 
SC - South Carolina,Proactive Remote,"Charleston-North Charleston, SC",Proactive Remote,SC 
NC - North Carolina,Proactive Remote,"Charlotte-Concord-Gastonia, NC-SC",Proactive Remote,NC 
SC - South Carolina,Proactive Remote,"Charlotte-Concord-Gastonia, NC-SC",Proactive Remote,SC 
VA - Virginia,Proactive Remote,"Charlottesville, VA",Proactive Remote,VA 
GA - Georgia,Proactive Remote,"Chattanooga, TN-GA",Proactive Remote,GA 
TN - Tennessee,Proactive Remote,"Chattanooga, TN-GA",Proactive Remote,TN 
WY - Wyoming,Proactive Remote,"Cheyenne, WY",Proactive Remote,WY 
IL - Illinois,Proactive Remote,"Chicago-Naperville-Elgin, IL-IN-WI",Proactive Remote,IL 
IN - Indiana,Proactive Remote,"Chicago-Naperville-Elgin, IL-IN-WI",Proactive Remote,IN 
WI - Wisconsin,Proactive Remote,"Chicago-Naperville-Elgin, IL-IN-WI",Proactive Remote,WI 
CA - California,Proactive Remote,"Chico, CA",Proactive Remote,CA 
OH - Ohio,Proactive Remote,"Chillicothe, OH",Proactive Remote,OH 
IN - Indiana,Proactive Remote,"Cincinnati, OH-KY-IN",Proactive Remote,IN 
KY - Kentucky,Proactive Remote,"Cincinnati, OH-KY-IN",Proactive Remote,KY 
OH - Ohio,Proactive Remote,"Cincinnati, OH-KY-IN",Proactive Remote,OH 
WV - West Virginia,Proactive Remote,"Clarksburg, WV",Proactive Remote,WV 
MS - Mississippi,Proactive Remote,"Clarksdale, MS",Proactive Remote,MS 
KY - Kentucky,Proactive Remote,"Clarksville, TN-KY",Proactive Remote,KY 
TN - Tennessee,Proactive Remote,"Clarksville, TN-KY",Proactive Remote,TN 
CA - California,Proactive Remote,"Clearlake, CA",Proactive Remote,CA 
MS - Mississippi,Proactive Remote,"Cleveland, MS",Proactive Remote,MS 
TN - Tennessee,Proactive Remote,"Cleveland, TN",Proactive Remote,TN 
OH - Ohio,Proactive Remote,"Cleveland-Elyria, OH",Proactive Remote,OH 
FL - Florida,Proactive Remote,"Clewiston, FL",Proactive Remote,FL 
IA - Iowa,Proactive Remote,"Clinton, IA",Proactive Remote,IA 
NM - New Mexico,Proactive Remote,"Clovis, NM",Proactive Remote,NM 
ID - Idaho,Proactive Remote,"Coeur d'Alene, ID",Proactive Remote,ID 
KS - Kansas,Proactive Remote,"Coffeyville, KS",Proactive Remote,KS 
MI - Michigan,Reactive Remote,"Coldwater, MI",Reactive Remote,MI 
CO - Colorado,Proactive Remote,"Colorado Springs, CO",Proactive Remote,CO 
MO - Missouri,Proactive Remote,"Columbia, MO",Proactive Remote,MO 
SC - South Carolina,Proactive Remote,"Columbia, SC",Proactive Remote,SC 
AL - Alabama,Proactive Remote,"Columbus, GA-AL",Proactive Remote,AL 
GA - Georgia,Proactive Remote,"Columbus, GA-AL",Proactive Remote,GA 
IN - Indiana,Proactive Remote,"Columbus, IN",Proactive Remote,IN 
MS - Mississippi,Proactive Remote,"Columbus, MS",Proactive Remote,MS 
NE - Nebraska,Proactive Remote,"Columbus, NE",Proactive Remote,NE 
OH - Ohio,Proactive Remote,"Columbus, OH",Proactive Remote,OH 
NH - New Hampshire,Proactive Remote,"Concord, NH",Proactive Remote,NH 
IN - Indiana,Proactive Remote,"Connersville, IN",Proactive Remote,IN 
TN - Tennessee,Proactive Remote,"Cookeville, TN",Proactive Remote,TN 
OR - Oregon,Reactive Remote,"Coos Bay, OR",Reactive Remote,OR 
GA - Georgia,Proactive Remote,"Cordele, GA",Proactive Remote,GA 
MS - Mississippi,Proactive Remote,"Corinth, MS",Proactive Remote,MS 
GA - Georgia,Proactive Remote,"Cornelia, GA",Proactive Remote,GA 
NY - New York,Reactive Remote,"Corning, NY",Reactive Remote,NY 
NY - New York,Reactive Remote,"Cortland, NY",Reactive Remote,NY 
OR - Oregon,Reactive Remote,"Corvallis, OR",Reactive Remote,OR 
OH - Ohio,Proactive Remote,"Coshocton, OH",Proactive Remote,OH 
CO - Colorado,Proactive Remote,"Craig, CO",Proactive Remote,CO 
IN - Indiana,Proactive Remote,"Crawfordsville, IN",Proactive Remote,IN 
CA - California,Proactive Remote,"Crescent City, CA",Proactive Remote,CA 
FL - Florida,Proactive Remote,"Crestview-Fort Walton Beach-Destin, FL",Proactive Remote,FL 
TN - Tennessee,Proactive Remote,"Crossville, TN",Proactive Remote,TN 
AL - Alabama,Proactive Remote,"Cullman, AL",Proactive Remote,AL 
NC - North Carolina,Proactive Remote,"Cullowhee, NC",Proactive Remote,NC 
MD - Maryland,Proactive Remote,"Cumberland, MD-WV",Proactive Remote,MD 
WV - West Virginia,Proactive Remote,"Cumberland, MD-WV",Proactive Remote,WV 
GA - Georgia,Proactive Remote,"Dalton, GA",Proactive Remote,GA 
IL - Illinois,Proactive Remote,"Danville, IL",Proactive Remote,IL 
KY - Kentucky,Proactive Remote,"Danville, KY",Proactive Remote,KY 
VA - Virginia,Proactive Remote,"Danville, VA",Proactive Remote,VA 
AL - Alabama,Proactive Remote,"Daphne-Fairhope-Foley, AL",Proactive Remote,AL 
IA - Iowa,Proactive Remote,"Davenport-Moline-Rock Island, IA-IL",Proactive Remote,IA 
IL - Illinois,Proactive Remote,"Davenport-Moline-Rock Island, IA-IL",Proactive Remote,IL 
TN - Tennessee,Proactive Remote,"Dayton, TN",Proactive Remote,TN 
OH - Ohio,Proactive Remote,"Dayton-Kettering, OH",Proactive Remote,OH 
AL - Alabama,Proactive Remote,"Decatur, AL",Proactive Remote,AL 
IL - Illinois,Proactive Remote,"Decatur, IL",Proactive Remote,IL 
IN - Indiana,Proactive Remote,"Decatur, IN",Proactive Remote,IN 
OH - Ohio,Proactive Remote,"Defiance, OH",Proactive Remote,OH 
FL - Florida,Proactive Remote,"Deltona-Daytona Beach-Ormond Beach, FL",Proactive Remote,FL 
NM - New Mexico,Proactive Remote,"Deming, NM",Proactive Remote,NM 
CO - Colorado,Proactive Remote,"Denver-Aurora-Lakewood, CO",Proactive Remote,CO 
LA - Louisiana,Proactive Remote,"DeRidder, LA",Proactive Remote,LA 
IA - Iowa,Proactive Remote,"Des Moines-West Des Moines, IA",Proactive Remote,IA 
MI - Michigan,Reactive Remote,"Detroit-Warren-Dearborn, MI",Reactive Remote,MI 
ND - North Dakota,Proactive Remote,"Dickinson, ND",Proactive Remote,ND 
IL - Illinois,Proactive Remote,"Dixon, IL",Proactive Remote,IL 
KS - Kansas,Proactive Remote,"Dodge City, KS",Proactive Remote,KS 
AL - Alabama,Proactive Remote,"Dothan, AL",Proactive Remote,AL 
GA - Georgia,Proactive Remote,"Douglas, GA",Proactive Remote,GA 
DE - Delaware,Proactive Remote,"Dover, DE",Proactive Remote,DE 
GA - Georgia,Proactive Remote,"Dublin, GA",Proactive Remote,GA 
PA - Pennsylvania,Proactive Remote,"DuBois, PA",Proactive Remote,PA 
IA - Iowa,Proactive Remote,"Dubuque, IA",Proactive Remote,IA 
MN - Minnesota,Proactive Remote,"Duluth, MN-WI",Proactive Remote,MN 
WI - Wisconsin,Proactive Remote,"Duluth, MN-WI",Proactive Remote,WI 
OK - Oklahoma,Proactive Remote,"Duncan, OK",Proactive Remote,OK 
CO - Colorado,Proactive Remote,"Durango, CO",Proactive Remote,CO 
OK - Oklahoma,Proactive Remote,"Durant, OK",Proactive Remote,OK 
NC - North Carolina,Proactive Remote,"Durham-Chapel Hill, NC",Proactive Remote,NC 
TN - Tennessee,Proactive Remote,"Dyersburg, TN",Proactive Remote,TN 
PA - Pennsylvania,Proactive Remote,"East Stroudsburg, PA",Proactive Remote,PA 
MD - Maryland,Proactive Remote,"Easton, MD",Proactive Remote,MD 
WI - Wisconsin,Proactive Remote,"Eau Claire, WI",Proactive Remote,WI 
CO - Colorado,Proactive Remote,"Edwards, CO",Proactive Remote,CO 
IL - Illinois,Proactive Remote,"Effingham, IL",Proactive Remote,IL 
CA - California,Proactive Remote,"El Centro, CA",Proactive Remote,CA 
AR - Arkansas,Proactive Remote,"El Dorado, AR",Proactive Remote,AR 
NC - North Carolina,Proactive Remote,"Elizabeth City, NC",Proactive Remote,NC 
KY - Kentucky,Proactive Remote,"Elizabethtown-Fort Knox, KY",Proactive Remote,KY 
OK - Oklahoma,Proactive Remote,"Elk City, OK",Proactive Remote,OK 
IN - Indiana,Proactive Remote,"Elkhart-Goshen, IN",Proactive Remote,IN 
WV - West Virginia,Proactive Remote,"Elkins, WV",Proactive Remote,WV 
NV - Nevada,Proactive Remote,"Elko, NV",Proactive Remote,NV 
WA - Washington,Reactive Remote,"Ellensburg, WA",Reactive Remote,WA 
NY - New York,Reactive Remote,"Elmira, NY",Reactive Remote,NY 
KS - Kansas,Proactive Remote,"Emporia, KS",Proactive Remote,KS 
OK - Oklahoma,Proactive Remote,"Enid, OK",Proactive Remote,OK 
AL - Alabama,Proactive Remote,"Enterprise, AL",Proactive Remote,AL 
PA - Pennsylvania,Proactive Remote,"Erie, PA",Proactive Remote,PA 
MI - Michigan,Reactive Remote,"Escanaba, MI",Reactive Remote,MI 
NM - New Mexico,Proactive Remote,"Espanola, NM",Proactive Remote,NM 
AL - Alabama,Proactive Remote,"Eufaula, AL-GA",Proactive Remote,AL 
GA - Georgia,Proactive Remote,"Eufaula, AL-GA",Proactive Remote,GA 
OR - Oregon,Reactive Remote,"Eugene-Springfield, OR",Reactive Remote,OR 
CA - California,Proactive Remote,"Eureka-Arcata, CA",Proactive Remote,CA 
WY - Wyoming,Proactive Remote,"Evanston, WY",Proactive Remote,WY 
IN - Indiana,Proactive Remote,"Evansville, IN-KY",Proactive Remote,IN 
KY - Kentucky,Proactive Remote,"Evansville, IN-KY",Proactive Remote,KY 
AK - Alaska,Proactive Remote,"Fairbanks, AK",Proactive Remote,AK 
IA - Iowa,Proactive Remote,"Fairfield, IA",Proactive Remote,IA 
MN - Minnesota,Proactive Remote,"Fairmont, MN",Proactive Remote,MN 
WV - West Virginia,Proactive Remote,"Fairmont, WV",Proactive Remote,WV 
NV - Nevada,Proactive Remote,"Fallon, NV",Proactive Remote,NV 
MN - Minnesota,Proactive Remote,"Fargo, ND-MN",Proactive Remote,MN 
ND - North Dakota,Proactive Remote,"Fargo, ND-MN",Proactive Remote,ND 
MN - Minnesota,Proactive Remote,"Faribault-Northfield, MN",Proactive Remote,MN 
MO - Missouri,Proactive Remote,"Farmington, MO",Proactive Remote,MO 
NM - New Mexico,Proactive Remote,"Farmington, NM",Proactive Remote,NM 
NC - North Carolina,Proactive Remote,"Fayetteville, NC",Proactive Remote,NC 
AR - Arkansas,Proactive Remote,"Fayetteville-Springdale-Rogers, AR",Proactive Remote,AR 
MN - Minnesota,Proactive Remote,"Fergus Falls, MN",Proactive Remote,MN 
NV - Nevada,Proactive Remote,"Fernley, NV",Proactive Remote,NV 
OH - Ohio,Proactive Remote,"Findlay, OH",Proactive Remote,OH 
GA - Georgia,Proactive Remote,"Fitzgerald, GA",Proactive Remote,GA 
AZ - Arizona,Proactive Remote,"Flagstaff, AZ",Proactive Remote,AZ 
MI - Michigan,Reactive Remote,"Flint, MI",Reactive Remote,MI 
SC - South Carolina,Proactive Remote,"Florence, SC",Proactive Remote,SC 
AL - Alabama,Proactive Remote,"Florence-Muscle Shoals, AL",Proactive Remote,AL 
WI - Wisconsin,Proactive Remote,"Fond du Lac, WI",Proactive Remote,WI 
NC - North Carolina,Proactive Remote,"Forest City, NC",Proactive Remote,NC 
AR - Arkansas,Proactive Remote,"Forrest City, AR",Proactive Remote,AR 
CO - Colorado,Proactive Remote,"Fort Collins, CO",Proactive Remote,CO 
IA - Iowa,Proactive Remote,"Fort Dodge, IA",Proactive Remote,IA 
MO - Missouri,Proactive Remote,"Fort Leonard Wood, MO",Proactive Remote,MO 
IA - Iowa,Proactive Remote,"Fort Madison-Keokuk, IA-IL-MO",Proactive Remote,IA 
IL - Illinois,Proactive Remote,"Fort Madison-Keokuk, IA-IL-MO",Proactive Remote,IL 
MO - Missouri,Proactive Remote,"Fort Madison-Keokuk, IA-IL-MO",Proactive Remote,MO 
CO - Colorado,Proactive Remote,"Fort Morgan, CO",Proactive Remote,CO 
AL - Alabama,Proactive Remote,"Fort Payne, AL",Proactive Remote,AL 
LA - Louisiana,Proactive Remote,"Fort Polk South, LA",Proactive Remote,LA 
AR - Arkansas,Proactive Remote,"Fort Smith, AR-OK",Proactive Remote,AR 
OK - Oklahoma,Proactive Remote,"Fort Smith, AR-OK",Proactive Remote,OK 
IN - Indiana,Proactive Remote,"Fort Wayne, IN",Proactive Remote,IN 
IN - Indiana,Proactive Remote,"Frankfort, IN",Proactive Remote,IN 
KY - Kentucky,Proactive Remote,"Frankfort, KY",Proactive Remote,KY 
IL - Illinois,Proactive Remote,"Freeport, IL",Proactive Remote,IL 
NE - Nebraska,Proactive Remote,"Fremont, NE",Proactive Remote,NE 
OH - Ohio,Proactive Remote,"Fremont, OH",Proactive Remote,OH 
CA - California,Proactive Remote,"Fresno, CA",Proactive Remote,CA 
AL - Alabama,Proactive Remote,"Gadsden, AL",Proactive Remote,AL 
SC - South Carolina,Proactive Remote,"Gaffney, SC",Proactive Remote,SC 
FL - Florida,Proactive Remote,"Gainesville, FL",Proactive Remote,FL 
GA - Georgia,Proactive Remote,"Gainesville, GA",Proactive Remote,GA 
IL - Illinois,Proactive Remote,"Galesburg, IL",Proactive Remote,IL 
NM - New Mexico,Proactive Remote,"Gallup, NM",Proactive Remote,NM 
KS - Kansas,Proactive Remote,"Garden City, KS",Proactive Remote,KS 
NV - Nevada,Proactive Remote,"Gardnerville Ranchos, NV",Proactive Remote,NV 
SC - South Carolina,Proactive Remote,"Georgetown, SC",Proactive Remote,SC 
PA - Pennsylvania,Proactive Remote,"Gettysburg, PA",Proactive Remote,PA 
WY - Wyoming,Proactive Remote,"Gillette, WY",Proactive Remote,WY 
KY - Kentucky,Proactive Remote,"Glasgow, KY",Proactive Remote,KY 
NY - New York,Reactive Remote,"Glens Falls, NY",Reactive Remote,NY 
CO - Colorado,Proactive Remote,"Glenwood Springs, CO",Proactive Remote,CO 
NY - New York,Reactive Remote,"Gloversville, NY",Reactive Remote,NY 
NC - North Carolina,Proactive Remote,"Goldsboro, NC",Proactive Remote,NC 
MN - Minnesota,Proactive Remote,"Grand Forks, ND-MN",Proactive Remote,MN 
ND - North Dakota,Proactive Remote,"Grand Forks, ND-MN",Proactive Remote,ND 
NE - Nebraska,Proactive Remote,"Grand Island, NE",Proactive Remote,NE 
CO - Colorado,Proactive Remote,"Grand Junction, CO",Proactive Remote,CO 
MN - Minnesota,Proactive Remote,"Grand Rapids, MN",Proactive Remote,MN 
MI - Michigan,Reactive Remote,"Grand Rapids-Kentwood, MI",Reactive Remote,MI 
OR - Oregon,Reactive Remote,"Grants Pass, OR",Reactive Remote,OR 
NM - New Mexico,Proactive Remote,"Grants, NM",Proactive Remote,NM 
KS - Kansas,Proactive Remote,"Great Bend, KS",Proactive Remote,KS 
MT - Montana,Proactive Remote,"Great Falls, MT",Proactive Remote,MT 
CO - Colorado,Proactive Remote,"Greeley, CO",Proactive Remote,CO 
WI - Wisconsin,Proactive Remote,"Green Bay, WI",Proactive Remote,WI 
TN - Tennessee,Proactive Remote,"Greeneville, TN",Proactive Remote,TN 
NC - North Carolina,Proactive Remote,"Greensboro-High Point, NC",Proactive Remote,NC 
IN - Indiana,Proactive Remote,"Greensburg, IN",Proactive Remote,IN 
MS - Mississippi,Proactive Remote,"Greenville, MS",Proactive Remote,MS 
NC - North Carolina,Proactive Remote,"Greenville, NC",Proactive Remote,NC 
OH - Ohio,Proactive Remote,"Greenville, OH",Proactive Remote,OH 
SC - South Carolina,Proactive Remote,"Greenville-Anderson, SC",Proactive Remote,SC 
MS - Mississippi,Proactive Remote,"Greenwood, MS",Proactive Remote,MS 
SC - South Carolina,Proactive Remote,"Greenwood, SC",Proactive Remote,SC 
MS - Mississippi,Proactive Remote,"Grenada, MS",Proactive Remote,MS 
MS - Mississippi,Proactive Remote,"Gulfport-Biloxi, MS",Proactive Remote,MS 
OK - Oklahoma,Proactive Remote,"Guymon, OK",Proactive Remote,OK 
MD - Maryland,Proactive Remote,"Hagerstown-Martinsburg, MD-WV",Proactive Remote,MD 
WV - West Virginia,Proactive Remote,"Hagerstown-Martinsburg, MD-WV",Proactive Remote,WV 
ID - Idaho,Proactive Remote,"Hailey, ID",Proactive Remote,ID 
LA - Louisiana,Proactive Remote,"Hammond, LA",Proactive Remote,LA 
CA - California,Proactive Remote,"Hanford-Corcoran, CA",Proactive Remote,CA 
MO - Missouri,Proactive Remote,"Hannibal, MO",Proactive Remote,MO 
PA - Pennsylvania,Proactive Remote,"Harrisburg-Carlisle, PA",Proactive Remote,PA 
AR - Arkansas,Proactive Remote,"Harrison, AR",Proactive Remote,AR 
VA - Virginia,Proactive Remote,"Harrisonburg, VA",Proactive Remote,VA 
CT - Connecticut,Proactive Remote,"Hartford-East Hartford-Middletown, CT",Proactive Remote,CT 
NE - Nebraska,Proactive Remote,"Hastings, NE",Proactive Remote,NE 
MS - Mississippi,Proactive Remote,"Hattiesburg, MS",Proactive Remote,MS 
KS - Kansas,Proactive Remote,"Hays, KS",Proactive Remote,KS 
UT - Utah,Proactive Remote,"Heber, UT",Proactive Remote,UT 
MT - Montana,Proactive Remote,"Helena, MT",Proactive Remote,MT 
AR - Arkansas,Proactive Remote,"Helena-West Helena, AR",Proactive Remote,AR 
NC - North Carolina,Proactive Remote,"Henderson, NC",Proactive Remote,NC 
OR - Oregon,Reactive Remote,"Hermiston-Pendleton, OR",Reactive Remote,OR 
NC - North Carolina,Proactive Remote,"Hickory-Lenoir-Morganton, NC",Proactive Remote,NC 
MI - Michigan,Reactive Remote,"Hillsdale, MI",Reactive Remote,MI 
HI - Hawaii,Proactive Remote,"Hilo, HI",Proactive Remote,HI 
SC - South Carolina,Proactive Remote,"Hilton Head Island-Bluffton, SC",Proactive Remote,SC 
GA - Georgia,Proactive Remote,"Hinesville, GA",Proactive Remote,GA 
NM - New Mexico,Proactive Remote,"Hobbs, NM",Proactive Remote,NM 
MI - Michigan,Reactive Remote,"Holland, MI",Reactive Remote,MI 
FL - Florida,Proactive Remote,"Homosassa Springs, FL",Proactive Remote,FL 
OR - Oregon,Reactive Remote,"Hood River, OR",Reactive Remote,OR 
AR - Arkansas,Proactive Remote,"Hope, AR",Proactive Remote,AR 
AR - Arkansas,Proactive Remote,"Hot Springs, AR",Proactive Remote,AR 
MI - Michigan,Reactive Remote,"Houghton, MI",Reactive Remote,MI 
LA - Louisiana,Proactive Remote,"Houma-Thibodaux, LA",Proactive Remote,LA 
NY - New York,Reactive Remote,"Hudson, NY",Reactive Remote,NY 
PA - Pennsylvania,Proactive Remote,"Huntingdon, PA",Proactive Remote,PA 
IN - Indiana,Proactive Remote,"Huntington, IN",Proactive Remote,IN 
KY - Kentucky,Proactive Remote,"Huntington-Ashland, WV-KY-OH",Proactive Remote,KY 
OH - Ohio,Proactive Remote,"Huntington-Ashland, WV-KY-OH",Proactive Remote,OH 
WV - West Virginia,Proactive Remote,"Huntington-Ashland, WV-KY-OH",Proactive Remote,WV 
AL - Alabama,Proactive Remote,"Huntsville, AL",Proactive Remote,AL 
SD - South Dakota,Proactive Remote,"Huron, SD",Proactive Remote,SD 
KS - Kansas,Proactive Remote,"Hutchinson, KS",Proactive Remote,KS 
MN - Minnesota,Proactive Remote,"Hutchinson, MN",Proactive Remote,MN 
ID - Idaho,Proactive Remote,"Idaho Falls, ID",Proactive Remote,ID 
PA - Pennsylvania,Proactive Remote,"Indiana, PA",Proactive Remote,PA 
IN - Indiana,Proactive Remote,"Indianapolis-Carmel-Anderson, IN",Proactive Remote,IN 
MS - Mississippi,Proactive Remote,"Indianola, MS",Proactive Remote,MS 
IA - Iowa,Proactive Remote,"Iowa City, IA",Proactive Remote,IA 
MI - Michigan,Reactive Remote,"Iron Mountain, MI-WI",Reactive Remote,MI 
WI - Wisconsin,Proactive Remote,"Iron Mountain, MI-WI",Proactive Remote,WI 
NY - New York,Reactive Remote,"Ithaca, NY",Reactive Remote,NY 
MI - Michigan,Reactive Remote,"Jackson, MI",Reactive Remote,MI 
MS - Mississippi,Proactive Remote,"Jackson, MS",Proactive Remote,MS 
OH - Ohio,Proactive Remote,"Jackson, OH",Proactive Remote,OH 
TN - Tennessee,Proactive Remote,"Jackson, TN",Proactive Remote,TN 
ID - Idaho,Proactive Remote,"Jackson, WY-ID",Proactive Remote,ID 
WY - Wyoming,Proactive Remote,"Jackson, WY-ID",Proactive Remote,WY 
FL - Florida,Proactive Remote,"Jacksonville, FL",Proactive Remote,FL 
IL - Illinois,Proactive Remote,"Jacksonville, IL",Proactive Remote,IL 
NC - North Carolina,Proactive Remote,"Jacksonville, NC",Proactive Remote,NC 
ND - North Dakota,Proactive Remote,"Jamestown, ND",Proactive Remote,ND 
NY - New York,Reactive Remote,"Jamestown-Dunkirk-Fredonia, NY",Reactive Remote,NY 
WI - Wisconsin,Proactive Remote,"Janesville-Beloit, WI",Proactive Remote,WI 
AL - Alabama,Proactive Remote,"Jasper, AL",Proactive Remote,AL 
IN - Indiana,Proactive Remote,"Jasper, IN",Proactive Remote,IN 
MO - Missouri,Proactive Remote,"Jefferson City, MO",Proactive Remote,MO 
GA - Georgia,Proactive Remote,"Jefferson, GA",Proactive Remote,GA 
LA - Louisiana,Proactive Remote,"Jennings, LA",Proactive Remote,LA 
GA - Georgia,Proactive Remote,"Jesup, GA",Proactive Remote,GA 
TN - Tennessee,Proactive Remote,"Johnson City, TN",Proactive Remote,TN 
PA - Pennsylvania,Proactive Remote,"Johnstown, PA",Proactive Remote,PA 
AR - Arkansas,Proactive Remote,"Jonesboro, AR",Proactive Remote,AR 
MO - Missouri,Proactive Remote,"Joplin, MO",Proactive Remote,MO 
AK - Alaska,Proactive Remote,"Juneau, AK",Proactive Remote,AK 
HI - Hawaii,Proactive Remote,"Kahului-Wailuku-Lahaina, HI",Proactive Remote,HI 
MI - Michigan,Reactive Remote,"Kalamazoo-Portage, MI",Reactive Remote,MI 
MT - Montana,Proactive Remote,"Kalispell, MT",Proactive Remote,MT 
IL - Illinois,Proactive Remote,"Kankakee, IL",Proactive Remote,IL 
KS - Kansas,Proactive Remote,"Kansas City, MO-KS",Proactive Remote,KS 
MO - Missouri,Proactive Remote,"Kansas City, MO-KS",Proactive Remote,MO 
HI - Hawaii,Proactive Remote,"Kapaa, HI",Proactive Remote,HI 
NE - Nebraska,Proactive Remote,"Kearney, NE",Proactive Remote,NE 
NH - New Hampshire,Proactive Remote,"Keene, NH",Proactive Remote,NH 
IN - Indiana,Proactive Remote,"Kendallville, IN",Proactive Remote,IN 
MO - Missouri,Proactive Remote,"Kennett, MO",Proactive Remote,MO 
WA - Washington,Reactive Remote,"Kennewick-Richland, WA",Reactive Remote,WA 
AK - Alaska,Proactive Remote,"Ketchikan, AK",Proactive Remote,AK 
FL - Florida,Proactive Remote,"Key West, FL",Proactive Remote,FL 
NC - North Carolina,Proactive Remote,"Kill Devil Hills, NC",Proactive Remote,NC 
TN - Tennessee,Proactive Remote,"Kingsport-Bristol, TN-VA",Proactive Remote,TN 
VA - Virginia,Proactive Remote,"Kingsport-Bristol, TN-VA",Proactive Remote,VA 
NY - New York,Reactive Remote,"Kingston, NY",Reactive Remote,NY 
NC - North Carolina,Proactive Remote,"Kinston, NC",Proactive Remote,NC 
MO - Missouri,Proactive Remote,"Kirksville, MO",Proactive Remote,MO 
OR - Oregon,Reactive Remote,"Klamath Falls, OR",Reactive Remote,OR 
TN - Tennessee,Proactive Remote,"Knoxville, TN",Proactive Remote,TN 
IN - Indiana,Proactive Remote,"Kokomo, IN",Proactive Remote,IN 
MN - Minnesota,Proactive Remote,"La Crosse-Onalaska, WI-MN",Proactive Remote,MN 
WI - Wisconsin,Proactive Remote,"La Crosse-Onalaska, WI-MN",Proactive Remote,WI 
OR - Oregon,Reactive Remote,"La Grande, OR",Reactive Remote,OR 
NH - New Hampshire,Proactive Remote,"Laconia, NH",Proactive Remote,NH 
LA - Louisiana,Proactive Remote,"Lafayette, LA",Proactive Remote,LA 
IN - Indiana,Proactive Remote,"Lafayette-West Lafayette, IN",Proactive Remote,IN 
AL - Alabama,Proactive Remote,"LaGrange, GA-AL",Proactive Remote,AL 
GA - Georgia,Proactive Remote,"LaGrange, GA-AL",Proactive Remote,GA 
LA - Louisiana,Proactive Remote,"Lake Charles, LA",Proactive Remote,LA 
FL - Florida,Proactive Remote,"Lake City, FL",Proactive Remote,FL 
AZ - Arizona,Proactive Remote,"Lake Havasu City-Kingman, AZ",Proactive Remote,AZ 
FL - Florida,Proactive Remote,"Lakeland-Winter Haven, FL",Proactive Remote,FL 
PA - Pennsylvania,Proactive Remote,"Lancaster, PA",Proactive Remote,PA 
MI - Michigan,Reactive Remote,"Lansing-East Lansing, MI",Reactive Remote,MI 
WY - Wyoming,Proactive Remote,"Laramie, WY",Proactive Remote,WY 
NM - New Mexico,Proactive Remote,"Las Cruces, NM",Proactive Remote,NM 
NM - New Mexico,Proactive Remote,"Las Vegas, NM",Proactive Remote,NM 
NV - Nevada,Proactive Remote,"Las Vegas-Henderson-Paradise, NV",Proactive Remote,NV 
MS - Mississippi,Proactive Remote,"Laurel, MS",Proactive Remote,MS 
NC - North Carolina,Proactive Remote,"Laurinburg, NC",Proactive Remote,NC 
KS - Kansas,Proactive Remote,"Lawrence, KS",Proactive Remote,KS 
TN - Tennessee,Proactive Remote,"Lawrenceburg, TN",Proactive Remote,TN 
OK - Oklahoma,Proactive Remote,"Lawton, OK",Proactive Remote,OK 
MO - Missouri,Proactive Remote,"Lebanon, MO",Proactive Remote,MO 
NH - New Hampshire,Proactive Remote,"Lebanon, NH-VT",Proactive Remote,NH 
VT - Vermont,Proactive Remote,"Lebanon, NH-VT",Proactive Remote,VT 
PA - Pennsylvania,Proactive Remote,"Lebanon, PA",Proactive Remote,PA 
PA - Pennsylvania,Proactive Remote,"Lewisburg, PA",Proactive Remote,PA 
TN - Tennessee,Proactive Remote,"Lewisburg, TN",Proactive Remote,TN 
ID - Idaho,Proactive Remote,"Lewiston, ID-WA",Proactive Remote,ID 
WA - Washington,Reactive Remote,"Lewiston, ID-WA",Reactive Remote,WA 
ME - Maine,Proactive Remote,"Lewiston-Auburn, ME",Proactive Remote,ME 
PA - Pennsylvania,Proactive Remote,"Lewistown, PA",Proactive Remote,PA 
NE - Nebraska,Proactive Remote,"Lexington, NE",Proactive Remote,NE 
KY - Kentucky,Proactive Remote,"Lexington-Fayette, KY",Proactive Remote,KY 
KS - Kansas,Proactive Remote,"Liberal, KS",Proactive Remote,KS 
OH - Ohio,Proactive Remote,"Lima, OH",Proactive Remote,OH 
IL - Illinois,Proactive Remote,"Lincoln, IL",Proactive Remote,IL 
NE - Nebraska,Proactive Remote,"Lincoln, NE",Proactive Remote,NE 
AR - Arkansas,Proactive Remote,"Little Rock-North Little Rock-Conway, AR",Proactive Remote,AR 
PA - Pennsylvania,Proactive Remote,"Lock Haven, PA",Proactive Remote,PA 
ID - Idaho,Proactive Remote,"Logan, UT-ID",Proactive Remote,ID 
UT - Utah,Proactive Remote,"Logan, UT-ID",Proactive Remote,UT 
IN - Indiana,Proactive Remote,"Logansport, IN",Proactive Remote,IN 
KY - Kentucky,Proactive Remote,"London, KY",Proactive Remote,KY 
WA - Washington,Reactive Remote,"Longview, WA",Reactive Remote,WA 
NM - New Mexico,Proactive Remote,"Los Alamos, NM",Proactive Remote,NM 
CA - California,Proactive Remote,"Los Angeles-Long Beach-Anaheim, CA",Proactive Remote,CA 
IN - Indiana,Proactive Remote,"Louisville/Jefferson County, KY-IN",Proactive Remote,IN 
KY - Kentucky,Proactive Remote,"Louisville/Jefferson County, KY-IN",Proactive Remote,KY 
MI - Michigan,Reactive Remote,"Ludington, MI",Reactive Remote,MI 
NC - North Carolina,Proactive Remote,"Lumberton, NC",Proactive Remote,NC 
VA - Virginia,Proactive Remote,"Lynchburg, VA",Proactive Remote,VA 
IL - Illinois,Proactive Remote,"Macomb, IL",Proactive Remote,IL 
GA - Georgia,Proactive Remote,"Macon-Bibb County, GA",Proactive Remote,GA 
CA - California,Proactive Remote,"Madera, CA",Proactive Remote,CA 
IN - Indiana,Proactive Remote,"Madison, IN",Proactive Remote,IN 
WI - Wisconsin,Proactive Remote,"Madison, WI",Proactive Remote,WI 
KY - Kentucky,Proactive Remote,"Madisonville, KY",Proactive Remote,KY 
AR - Arkansas,Proactive Remote,"Magnolia, AR",Proactive Remote,AR 
NY - New York,Reactive Remote,"Malone, NY",Reactive Remote,NY 
AR - Arkansas,Proactive Remote,"Malvern, AR",Proactive Remote,AR 
NH - New Hampshire,Proactive Remote,"Manchester-Nashua, NH",Proactive Remote,NH 
KS - Kansas,Proactive Remote,"Manhattan, KS",Proactive Remote,KS 
WI - Wisconsin,Proactive Remote,"Manitowoc, WI",Proactive Remote,WI 
MN - Minnesota,Proactive Remote,"Mankato, MN",Proactive Remote,MN 
OH - Ohio,Proactive Remote,"Mansfield, OH",Proactive Remote,OH 
OH - Ohio,Proactive Remote,"Marietta, OH",Proactive Remote,OH 
MI - Michigan,Reactive Remote,"Marinette, WI-MI",Reactive Remote,MI 
WI - Wisconsin,Proactive Remote,"Marinette, WI-MI",Proactive Remote,WI 
IN - Indiana,Proactive Remote,"Marion, IN",Proactive Remote,IN 
NC - North Carolina,Proactive Remote,"Marion, NC",Proactive Remote,NC 
OH - Ohio,Proactive Remote,"Marion, OH",Proactive Remote,OH 
MI - Michigan,Reactive Remote,"Marquette, MI",Reactive Remote,MI 
MN - Minnesota,Proactive Remote,"Marshall, MN",Proactive Remote,MN 
MO - Missouri,Proactive Remote,"Marshall, MO",Proactive Remote,MO 
IA - Iowa,Proactive Remote,"Marshalltown, IA",Proactive Remote,IA 
TN - Tennessee,Proactive Remote,"Martin, TN",Proactive Remote,TN 
VA - Virginia,Proactive Remote,"Martinsville, VA",Proactive Remote,VA 
MO - Missouri,Proactive Remote,"Maryville, MO",Proactive Remote,MO 
IA - Iowa,Proactive Remote,"Mason City, IA",Proactive Remote,IA 
KY - Kentucky,Proactive Remote,"Mayfield, KY",Proactive Remote,KY 
KY - Kentucky,Proactive Remote,"Maysville, KY",Proactive Remote,KY 
OK - Oklahoma,Proactive Remote,"McAlester, OK",Proactive Remote,OK 
MS - Mississippi,Proactive Remote,"McComb, MS",Proactive Remote,MS 
TN - Tennessee,Proactive Remote,"McMinnville, TN",Proactive Remote,TN 
KS - Kansas,Proactive Remote,"McPherson, KS",Proactive Remote,KS 
PA - Pennsylvania,Proactive Remote,"Meadville, PA",Proactive Remote,PA 
OR - Oregon,Reactive Remote,"Medford, OR",Reactive Remote,OR 
AR - Arkansas,Proactive Remote,"Memphis, TN-MS-AR",Proactive Remote,AR 
MS - Mississippi,Proactive Remote,"Memphis, TN-MS-AR",Proactive Remote,MS 
TN - Tennessee,Proactive Remote,"Memphis, TN-MS-AR",Proactive Remote,TN 
WI - Wisconsin,Proactive Remote,"Menomonie, WI",Proactive Remote,WI 
CA - California,Proactive Remote,"Merced, CA",Proactive Remote,CA 
MS - Mississippi,Proactive Remote,"Meridian, MS",Proactive Remote,MS 
MO - Missouri,Proactive Remote,"Mexico, MO",Proactive Remote,MO 
OK - Oklahoma,Proactive Remote,"Miami, OK",Proactive Remote,OK 
FL - Florida,Proactive Remote,"Miami-Fort Lauderdale-Pompano Beach, FL",Proactive Remote,FL 
IN - Indiana,Proactive Remote,"Michigan City-La Porte, IN",Proactive Remote,IN 
KY - Kentucky,Proactive Remote,"Middlesborough, KY",Proactive Remote,KY 
MI - Michigan,Reactive Remote,"Midland, MI",Reactive Remote,MI 
GA - Georgia,Proactive Remote,"Milledgeville, GA",Proactive Remote,GA 
WI - Wisconsin,Proactive Remote,"Milwaukee-Waukesha, WI",Proactive Remote,WI 
LA - Louisiana,Proactive Remote,"Minden, LA",Proactive Remote,LA 
MN - Minnesota,Proactive Remote,"Minneapolis-St. Paul-Bloomington, MN-WI",Proactive Remote,MN 
WI - Wisconsin,Proactive Remote,"Minneapolis-St. Paul-Bloomington, MN-WI",Proactive Remote,WI 
ND - North Dakota,Proactive Remote,"Minot, ND",Proactive Remote,ND 
MT - Montana,Proactive Remote,"Missoula, MT",Proactive Remote,MT 
SD - South Dakota,Proactive Remote,"Mitchell, SD",Proactive Remote,SD 
MO - Missouri,Proactive Remote,"Moberly, MO",Proactive Remote,MO 
AL - Alabama,Proactive Remote,"Mobile, AL",Proactive Remote,AL 
CA - California,Proactive Remote,"Modesto, CA",Proactive Remote,CA 
LA - Louisiana,Proactive Remote,"Monroe, LA",Proactive Remote,LA 
MI - Michigan,Reactive Remote,"Monroe, MI",Reactive Remote,MI 
AL - Alabama,Proactive Remote,"Montgomery, AL",Proactive Remote,AL 
CO - Colorado,Proactive Remote,"Montrose, CO",Proactive Remote,CO 
NC - North Carolina,Proactive Remote,"Morehead City, NC",Proactive Remote,NC 
LA - Louisiana,Proactive Remote,"Morgan City, LA",Proactive Remote,LA 
WV - West Virginia,Proactive Remote,"Morgantown, WV",Proactive Remote,WV 
TN - Tennessee,Proactive Remote,"Morristown, TN",Proactive Remote,TN 
ID - Idaho,Proactive Remote,"Moscow, ID",Proactive Remote,ID 
WA - Washington,Reactive Remote,"Moses Lake, WA",Reactive Remote,WA 
GA - Georgia,Proactive Remote,"Moultrie, GA",Proactive Remote,GA 
NC - North Carolina,Proactive Remote,"Mount Airy, NC",Proactive Remote,NC 
WV - West Virginia,Proactive Remote,"Mount Gay-Shamrock, WV",Proactive Remote,WV 
MI - Michigan,Reactive Remote,"Mount Pleasant, MI",Reactive Remote,MI 
KY - Kentucky,Proactive Remote,"Mount Sterling, KY",Proactive Remote,KY 
IL - Illinois,Proactive Remote,"Mount Vernon, IL",Proactive Remote,IL 
OH - Ohio,Proactive Remote,"Mount Vernon, OH",Proactive Remote,OH 
WA - Washington,Reactive Remote,"Mount Vernon-Anacortes, WA",Reactive Remote,WA 
AR - Arkansas,Proactive Remote,"Mountain Home, AR",Proactive Remote,AR 
ID - Idaho,Proactive Remote,"Mountain Home, ID",Proactive Remote,ID 
IN - Indiana,Proactive Remote,"Muncie, IN",Proactive Remote,IN 
KY - Kentucky,Proactive Remote,"Murray, KY",Proactive Remote,KY 
IA - Iowa,Proactive Remote,"Muscatine, IA",Proactive Remote,IA 
MI - Michigan,Reactive Remote,"Muskegon, MI",Reactive Remote,MI 
OK - Oklahoma,Proactive Remote,"Muskogee, OK",Proactive Remote,OK 
NC - North Carolina,Proactive Remote,"Myrtle Beach-Conway-North Myrtle Beach, SC-NC",Proactive Remote,NC 
SC - South Carolina,Proactive Remote,"Myrtle Beach-Conway-North Myrtle Beach, SC-NC",Proactive Remote,SC 
CA - California,Proactive Remote,"Napa, CA",Proactive Remote,CA 
FL - Florida,Proactive Remote,"Naples-Marco Island, FL",Proactive Remote,FL 
TN - Tennessee,Proactive Remote,"Nashville-Davidson--Murfreesboro--Franklin, TN",Proactive Remote,TN 
LA - Louisiana,Proactive Remote,"Natchez, MS-LA",Proactive Remote,LA 
MS - Mississippi,Proactive Remote,"Natchez, MS-LA",Proactive Remote,MS 
LA - Louisiana,Proactive Remote,"Natchitoches, LA",Proactive Remote,LA 
NC - North Carolina,Proactive Remote,"New Bern, NC",Proactive Remote,NC 
IN - Indiana,Proactive Remote,"New Castle, IN",Proactive Remote,IN 
PA - Pennsylvania,Proactive Remote,"New Castle, PA",Proactive Remote,PA 
CT - Connecticut,Proactive Remote,"New Haven-Milford, CT",Proactive Remote,CT 
LA - Louisiana,Proactive Remote,"New Orleans-Metairie, LA",Proactive Remote,LA 
OH - Ohio,Proactive Remote,"New Philadelphia-Dover, OH",Proactive Remote,OH 
MN - Minnesota,Proactive Remote,"New Ulm, MN",Proactive Remote,MN 
NJ - New Jersey,Reactive Remote,"New York-Newark-Jersey City, NY-NJ-PA",Reactive Remote,NJ 
NY - New York,Reactive Remote,"New York-Newark-Jersey City, NY-NJ-PA",Reactive Remote,NY 
PA - Pennsylvania,Proactive Remote,"New York-Newark-Jersey City, NY-NJ-PA",Proactive Remote,PA 
SC - South Carolina,Proactive Remote,"Newberry, SC",Proactive Remote,SC 
OR - Oregon,Reactive Remote,"Newport, OR",Reactive Remote,OR 
TN - Tennessee,Proactive Remote,"Newport, TN",Proactive Remote,TN 
MI - Michigan,Reactive Remote,"Niles, MI",Reactive Remote,MI 
AZ - Arizona,Proactive Remote,"Nogales, AZ",Proactive Remote,AZ 
NE - Nebraska,Proactive Remote,"Norfolk, NE",Proactive Remote,NE 
NE - Nebraska,Proactive Remote,"North Platte, NE",Proactive Remote,NE 
FL - Florida,Proactive Remote,"North Port-Sarasota-Bradenton, FL",Proactive Remote,FL 
IN - Indiana,Proactive Remote,"North Vernon, IN",Proactive Remote,IN 
NC - North Carolina,Proactive Remote,"North Wilkesboro, NC",Proactive Remote,NC 
OH - Ohio,Proactive Remote,"Norwalk, OH",Proactive Remote,OH 
CT - Connecticut,Proactive Remote,"Norwich-New London, CT",Proactive Remote,CT 
WA - Washington,Reactive Remote,"Oak Harbor, WA",Reactive Remote,WA 
FL - Florida,Proactive Remote,"Ocala, FL",Proactive Remote,FL 
NJ - New Jersey,Reactive Remote,"Ocean City, NJ",Reactive Remote,NJ 
UT - Utah,Proactive Remote,"Ogden-Clearfield, UT",Proactive Remote,UT 
NY - New York,Reactive Remote,"Ogdensburg-Massena, NY",Reactive Remote,NY 
PA - Pennsylvania,Proactive Remote,"Oil City, PA",Proactive Remote,PA 
FL - Florida,Proactive Remote,"Okeechobee, FL",Proactive Remote,FL 
OK - Oklahoma,Proactive Remote,"Oklahoma City, OK",Proactive Remote,OK 
NY - New York,Reactive Remote,"Olean, NY",Reactive Remote,NY 
WA - Washington,Reactive Remote,"Olympia-Lacey-Tumwater, WA",Reactive Remote,WA 
IA - Iowa,Proactive Remote,"Omaha-Council Bluffs, NE-IA",Proactive Remote,IA 
NE - Nebraska,Proactive Remote,"Omaha-Council Bluffs, NE-IA",Proactive Remote,NE 
NY - New York,Reactive Remote,"Oneonta, NY",Reactive Remote,NY 
ID - Idaho,Proactive Remote,"Ontario, OR-ID",Proactive Remote,ID 
OR - Oregon,Reactive Remote,"Ontario, OR-ID",Reactive Remote,OR 
LA - Louisiana,Proactive Remote,"Opelousas, LA",Proactive Remote,LA 
SC - South Carolina,Proactive Remote,"Orangeburg, SC",Proactive Remote,SC 
FL - Florida,Proactive Remote,"Orlando-Kissimmee-Sanford, FL",Proactive Remote,FL 
WI - Wisconsin,Proactive Remote,"Oshkosh-Neenah, WI",Proactive Remote,WI 
IA - Iowa,Proactive Remote,"Oskaloosa, IA",Proactive Remote,IA 
WA - Washington,Reactive Remote,"Othello, WA",Reactive Remote,WA 
IL - Illinois,Proactive Remote,"Ottawa, IL",Proactive Remote,IL 
KS - Kansas,Proactive Remote,"Ottawa, KS",Proactive Remote,KS 
IA - Iowa,Proactive Remote,"Ottumwa, IA",Proactive Remote,IA 
MN - Minnesota,Proactive Remote,"Owatonna, MN",Proactive Remote,MN 
KY - Kentucky,Proactive Remote,"Owensboro, KY",Proactive Remote,KY 
MS - Mississippi,Proactive Remote,"Oxford, MS",Proactive Remote,MS 
CA - California,Proactive Remote,"Oxnard-Thousand Oaks-Ventura, CA",Proactive Remote,CA 
AL - Alabama,Proactive Remote,"Ozark, AL",Proactive Remote,AL 
IL - Illinois,Proactive Remote,"Paducah, KY-IL",Proactive Remote,IL 
KY - Kentucky,Proactive Remote,"Paducah, KY-IL",Proactive Remote,KY 
NV - Nevada,Proactive Remote,"Pahrump, NV",Proactive Remote,NV 
FL - Florida,Proactive Remote,"Palatka, FL",Proactive Remote,FL 
FL - Florida,Proactive Remote,"Palm Bay-Melbourne-Titusville, FL",Proactive Remote,FL 
FL - Florida,Proactive Remote,"Panama City, FL",Proactive Remote,FL 
AR - Arkansas,Proactive Remote,"Paragould, AR",Proactive Remote,AR 
TN - Tennessee,Proactive Remote,"Paris, TN",Proactive Remote,TN 
WV - West Virginia,Proactive Remote,"Parkersburg-Vienna, WV",Proactive Remote,WV 
KS - Kansas,Proactive Remote,"Parsons, KS",Proactive Remote,KS 
AZ - Arizona,Proactive Remote,"Payson, AZ",Proactive Remote,AZ 
IA - Iowa,Proactive Remote,"Pella, IA",Proactive Remote,IA 
FL - Florida,Proactive Remote,"Pensacola-Ferry Pass-Brent, FL",Proactive Remote,FL 
IL - Illinois,Proactive Remote,"Peoria, IL",Proactive Remote,IL 
IN - Indiana,Proactive Remote,"Peru, IN",Proactive Remote,IN 
DE - Delaware,Proactive Remote,"Philadelphia-Camden-Wilmington, PA-NJ-DE-MD",Proactive Remote,DE 
MD - Maryland,Proactive Remote,"Philadelphia-Camden-Wilmington, PA-NJ-DE-MD",Proactive Remote,MD 
NJ - New Jersey,Reactive Remote,"Philadelphia-Camden-Wilmington, PA-NJ-DE-MD",Reactive Remote,NJ 
PA - Pennsylvania,Proactive Remote,"Philadelphia-Camden-Wilmington, PA-NJ-DE-MD",Proactive Remote,PA 
AZ - Arizona,Proactive Remote,"Phoenix-Mesa-Chandler, AZ",Proactive Remote,AZ 
MS - Mississippi,Proactive Remote,"Picayune, MS",Proactive Remote,MS 
SD - South Dakota,Proactive Remote,"Pierre, SD",Proactive Remote,SD 
AR - Arkansas,Proactive Remote,"Pine Bluff, AR",Proactive Remote,AR 
NC - North Carolina,Proactive Remote,"Pinehurst-Southern Pines, NC",Proactive Remote,NC 
KS - Kansas,Proactive Remote,"Pittsburg, KS",Proactive Remote,KS 
PA - Pennsylvania,Proactive Remote,"Pittsburgh, PA",Proactive Remote,PA 
MA - Massachusetts,Reactive Remote,"Pittsfield, MA",Reactive Remote,MA 
WI - Wisconsin,Proactive Remote,"Platteville, WI",Proactive Remote,WI 
NY - New York,Reactive Remote,"Plattsburgh, NY",Reactive Remote,NY 
IN - Indiana,Proactive Remote,"Plymouth, IN",Proactive Remote,IN 
ID - Idaho,Proactive Remote,"Pocatello, ID",Proactive Remote,ID 
OH - Ohio,Proactive Remote,"Point Pleasant, WV-OH",Proactive Remote,OH 
WV - West Virginia,Proactive Remote,"Point Pleasant, WV-OH",Proactive Remote,WV 
OK - Oklahoma,Proactive Remote,"Ponca City, OK",Proactive Remote,OK 
IL - Illinois,Proactive Remote,"Pontiac, IL",Proactive Remote,IL 
MO - Missouri,Proactive Remote,"Poplar Bluff, MO",Proactive Remote,MO 
WA - Washington,Reactive Remote,"Port Angeles, WA",Reactive Remote,WA 
FL - Florida,Proactive Remote,"Port St. Lucie, FL",Proactive Remote,FL 
NM - New Mexico,Proactive Remote,"Portales, NM",Proactive Remote,NM 
ME - Maine,Proactive Remote,"Portland-South Portland, ME",Proactive Remote,ME 
OR - Oregon,Reactive Remote,"Portland-Vancouver-Hillsboro, OR-WA",Reactive Remote,OR 
WA - Washington,Reactive Remote,"Portland-Vancouver-Hillsboro, OR-WA",Reactive Remote,WA 
OH - Ohio,Proactive Remote,"Portsmouth, OH",Proactive Remote,OH 
PA - Pennsylvania,Proactive Remote,"Pottsville, PA",Proactive Remote,PA 
NY - New York,Reactive Remote,"Poughkeepsie-Newburgh-Middletown, NY",Reactive Remote,NY 
AZ - Arizona,Proactive Remote,"Prescott Valley-Prescott, AZ",Proactive Remote,AZ 
UT - Utah,Proactive Remote,"Price, UT",Proactive Remote,UT 
OR - Oregon,Reactive Remote,"Prineville, OR",Reactive Remote,OR 
MA - Massachusetts,Reactive Remote,"Providence-Warwick, RI-MA",Reactive Remote,MA 
RI - Rhode Island,Proactive Remote,"Providence-Warwick, RI-MA",Proactive Remote,RI 
UT - Utah,Proactive Remote,"Provo-Orem, UT",Proactive Remote,UT 
CO - Colorado,Proactive Remote,"Pueblo, CO",Proactive Remote,CO 
WA - Washington,Reactive Remote,"Pullman, WA",Reactive Remote,WA 
FL - Florida,Proactive Remote,"Punta Gorda, FL",Proactive Remote,FL 
IL - Illinois,Proactive Remote,"Quincy, IL-MO",Proactive Remote,IL 
MO - Missouri,Proactive Remote,"Quincy, IL-MO",Proactive Remote,MO 
WI - Wisconsin,Proactive Remote,"Racine, WI",Proactive Remote,WI 
NC - North Carolina,Proactive Remote,"Raleigh-Cary, NC",Proactive Remote,NC 
SD - South Dakota,Proactive Remote,"Rapid City, SD",Proactive Remote,SD 
PA - Pennsylvania,Proactive Remote,"Reading, PA",Proactive Remote,PA 
CA - California,Proactive Remote,"Red Bluff, CA",Proactive Remote,CA 
MN - Minnesota,Proactive Remote,"Red Wing, MN",Proactive Remote,MN 
CA - California,Proactive Remote,"Redding, CA",Proactive Remote,CA 
NV - Nevada,Proactive Remote,"Reno, NV",Proactive Remote,NV 
ID - Idaho,Proactive Remote,"Rexburg, ID",Proactive Remote,ID 
IN - Indiana,Proactive Remote,"Richmond, IN",Proactive Remote,IN 
VA - Virginia,Proactive Remote,"Richmond, VA",Proactive Remote,VA 
KY - Kentucky,Proactive Remote,"Richmond-Berea, KY",Proactive Remote,KY 
CA - California,Proactive Remote,"Riverside-San Bernardino-Ontario, CA",Proactive Remote,CA 
WY - Wyoming,Proactive Remote,"Riverton, WY",Proactive Remote,WY 
NC - North Carolina,Proactive Remote,"Roanoke Rapids, NC",Proactive Remote,NC 
VA - Virginia,Proactive Remote,"Roanoke, VA",Proactive Remote,VA 
IL - Illinois,Proactive Remote,"Rochelle, IL",Proactive Remote,IL 
MN - Minnesota,Proactive Remote,"Rochester, MN",Proactive Remote,MN 
NY - New York,Reactive Remote,"Rochester, NY",Reactive Remote,NY 
WY - Wyoming,Proactive Remote,"Rock Springs, WY",Proactive Remote,WY 
IL - Illinois,Proactive Remote,"Rockford, IL",Proactive Remote,IL 
NC - North Carolina,Proactive Remote,"Rockingham, NC",Proactive Remote,NC 
NC - North Carolina,Proactive Remote,"Rocky Mount, NC",Proactive Remote,NC 
MO - Missouri,Proactive Remote,"Rolla, MO",Proactive Remote,MO 
GA - Georgia,Proactive Remote,"Rome, GA",Proactive Remote,GA 
OR - Oregon,Reactive Remote,"Roseburg, OR",Reactive Remote,OR 
NM - New Mexico,Proactive Remote,"Roswell, NM",Proactive Remote,NM 
NM - New Mexico,Proactive Remote,"Ruidoso, NM",Proactive Remote,NM 
AR - Arkansas,Proactive Remote,"Russellville, AR",Proactive Remote,AR 
LA - Louisiana,Proactive Remote,"Ruston, LA",Proactive Remote,LA 
VT - Vermont,Proactive Remote,"Rutland, VT",Proactive Remote,VT 
CA - California,Proactive Remote,"Sacramento-Roseville-Folsom, CA",Proactive Remote,CA 
AZ - Arizona,Proactive Remote,"Safford, AZ",Proactive Remote,AZ 
MI - Michigan,Reactive Remote,"Saginaw, MI",Reactive Remote,MI 
OH - Ohio,Proactive Remote,"Salem, OH",Proactive Remote,OH 
OR - Oregon,Reactive Remote,"Salem, OR",Reactive Remote,OR 
KS - Kansas,Proactive Remote,"Salina, KS",Proactive Remote,KS 
CA - California,Proactive Remote,"Salinas, CA",Proactive Remote,CA 
DE - Delaware,Proactive Remote,"Salisbury, MD-DE",Proactive Remote,DE 
MD - Maryland,Proactive Remote,"Salisbury, MD-DE",Proactive Remote,MD 
UT - Utah,Proactive Remote,"Salt Lake City, UT",Proactive Remote,UT 
CA - California,Proactive Remote,"San Diego-Chula Vista-Carlsbad, CA",Proactive Remote,CA 
CA - California,Proactive Remote,"San Francisco-Oakland-Berkeley, CA",Proactive Remote,CA 
CA - California,Proactive Remote,"San Jose-Sunnyvale-Santa Clara, CA",Proactive Remote,CA 
CA - California,Proactive Remote,"San Luis Obispo-Paso Robles, CA",Proactive Remote,CA 
ID - Idaho,Proactive Remote,"Sandpoint, ID",Proactive Remote,ID 
OH - Ohio,Proactive Remote,"Sandusky, OH",Proactive Remote,OH 
NC - North Carolina,Proactive Remote,"Sanford, NC",Proactive Remote,NC 
CA - California,Proactive Remote,"Santa Cruz-Watsonville, CA",Proactive Remote,CA 
NM - New Mexico,Proactive Remote,"Santa Fe, NM",Proactive Remote,NM 
CA - California,Proactive Remote,"Santa Maria-Santa Barbara, CA",Proactive Remote,CA 
CA - California,Proactive Remote,"Santa Rosa-Petaluma, CA",Proactive Remote,CA 
MI - Michigan,Reactive Remote,"Sault Ste. Marie, MI",Reactive Remote,MI 
GA - Georgia,Proactive Remote,"Savannah, GA",Proactive Remote,GA 
PA - Pennsylvania,Proactive Remote,"Sayre, PA",Proactive Remote,PA 
NE - Nebraska,Proactive Remote,"Scottsbluff, NE",Proactive Remote,NE 
AL - Alabama,Proactive Remote,"Scottsboro, AL",Proactive Remote,AL 
IN - Indiana,Proactive Remote,"Scottsburg, IN",Proactive Remote,IN 
PA - Pennsylvania,Proactive Remote,"Scranton--Wilkes-Barre, PA",Proactive Remote,PA 
AR - Arkansas,Proactive Remote,"Searcy, AR",Proactive Remote,AR 
WA - Washington,Reactive Remote,"Seattle-Tacoma-Bellevue, WA",Reactive Remote,WA 
FL - Florida,Proactive Remote,"Sebastian-Vero Beach, FL",Proactive Remote,FL 
FL - Florida,Proactive Remote,"Sebring-Avon Park, FL",Proactive Remote,FL 
MO - Missouri,Proactive Remote,"Sedalia, MO",Proactive Remote,MO 
PA - Pennsylvania,Proactive Remote,"Selinsgrove, PA",Proactive Remote,PA 
AL - Alabama,Proactive Remote,"Selma, AL",Proactive Remote,AL 
NY - New York,Reactive Remote,"Seneca Falls, NY",Reactive Remote,NY 
SC - South Carolina,Proactive Remote,"Seneca, SC",Proactive Remote,SC 
TN - Tennessee,Proactive Remote,"Sevierville, TN",Proactive Remote,TN 
IN - Indiana,Proactive Remote,"Seymour, IN",Proactive Remote,IN 
WI - Wisconsin,Proactive Remote,"Shawano, WI",Proactive Remote,WI 
OK - Oklahoma,Proactive Remote,"Shawnee, OK",Proactive Remote,OK 
WI - Wisconsin,Proactive Remote,"Sheboygan, WI",Proactive Remote,WI 
NC - North Carolina,Proactive Remote,"Shelby, NC",Proactive Remote,NC 
TN - Tennessee,Proactive Remote,"Shelbyville, TN",Proactive Remote,TN 
WA - Washington,Reactive Remote,"Shelton, WA",Reactive Remote,WA 
WY - Wyoming,Proactive Remote,"Sheridan, WY",Proactive Remote,WY 
AZ - Arizona,Proactive Remote,"Show Low, AZ",Proactive Remote,AZ 
LA - Louisiana,Proactive Remote,"Shreveport-Bossier City, LA",Proactive Remote,LA 
OH - Ohio,Proactive Remote,"Sidney, OH",Proactive Remote,OH 
AZ - Arizona,Proactive Remote,"Sierra Vista-Douglas, AZ",Proactive Remote,AZ 
MO - Missouri,Proactive Remote,"Sikeston, MO",Proactive Remote,MO 
NM - New Mexico,Proactive Remote,"Silver City, NM",Proactive Remote,NM 
IA - Iowa,Proactive Remote,"Sioux City, IA-NE-SD",Proactive Remote,IA 
NE - Nebraska,Proactive Remote,"Sioux City, IA-NE-SD",Proactive Remote,NE 
SD - South Dakota,Proactive Remote,"Sioux City, IA-NE-SD",Proactive Remote,SD 
SD - South Dakota,Proactive Remote,"Sioux Falls, SD",Proactive Remote,SD 
KY - Kentucky,Proactive Remote,"Somerset, KY",Proactive Remote,KY 
PA - Pennsylvania,Proactive Remote,"Somerset, PA",Proactive Remote,PA 
CA - California,Proactive Remote,"Sonora, CA",Proactive Remote,CA 
IN - Indiana,Proactive Remote,"South Bend-Mishawaka, IN-MI",Proactive Remote,IN 
MI - Michigan,Reactive Remote,"South Bend-Mishawaka, IN-MI",Reactive Remote,MI 
SC - South Carolina,Proactive Remote,"Spartanburg, SC",Proactive Remote,SC 
SD - South Dakota,Proactive Remote,"Spearfish, SD",Proactive Remote,SD 
IA - Iowa,Proactive Remote,"Spencer, IA",Proactive Remote,IA 
IA - Iowa,Proactive Remote,"Spirit Lake, IA",Proactive Remote,IA 
WA - Washington,Reactive Remote,"Spokane-Spokane Valley, WA",Reactive Remote,WA 
IL - Illinois,Proactive Remote,"Springfield, IL",Proactive Remote,IL 
MA - Massachusetts,Reactive Remote,"Springfield, MA",Reactive Remote,MA 
MO - Missouri,Proactive Remote,"Springfield, MO",Proactive Remote,MO 
OH - Ohio,Proactive Remote,"Springfield, OH",Proactive Remote,OH 
MN - Minnesota,Proactive Remote,"St. Cloud, MN",Proactive Remote,MN 
UT - Utah,Proactive Remote,"St. George, UT",Proactive Remote,UT 
KS - Kansas,Proactive Remote,"St. Joseph, MO-KS",Proactive Remote,KS 
MO - Missouri,Proactive Remote,"St. Joseph, MO-KS",Proactive Remote,MO 
IL - Illinois,Proactive Remote,"St. Louis, MO-IL",Proactive Remote,IL 
MO - Missouri,Proactive Remote,"St. Louis, MO-IL",Proactive Remote,MO 
GA - Georgia,Proactive Remote,"St. Marys, GA",Proactive Remote,GA 
PA - Pennsylvania,Proactive Remote,"St. Marys, PA",Proactive Remote,PA 
MS - Mississippi,Proactive Remote,"Starkville, MS",Proactive Remote,MS 
PA - Pennsylvania,Proactive Remote,"State College, PA",Proactive Remote,PA 
GA - Georgia,Proactive Remote,"Statesboro, GA",Proactive Remote,GA 
VA - Virginia,Proactive Remote,"Staunton, VA",Proactive Remote,VA 
CO - Colorado,Proactive Remote,"Steamboat Springs, CO",Proactive Remote,CO 
CO - Colorado,Proactive Remote,"Sterling, CO",Proactive Remote,CO 
IL - Illinois,Proactive Remote,"Sterling, IL",Proactive Remote,IL 
WI - Wisconsin,Proactive Remote,"Stevens Point, WI",Proactive Remote,WI 
OK - Oklahoma,Proactive Remote,"Stillwater, OK",Proactive Remote,OK 
CA - California,Proactive Remote,"Stockton, CA",Proactive Remote,CA 
IA - Iowa,Proactive Remote,"Storm Lake, IA",Proactive Remote,IA 
MI - Michigan,Reactive Remote,"Sturgis, MI",Reactive Remote,MI 
GA - Georgia,Proactive Remote,"Summerville, GA",Proactive Remote,GA 
SC - South Carolina,Proactive Remote,"Sumter, SC",Proactive Remote,SC 
PA - Pennsylvania,Proactive Remote,"Sunbury, PA",Proactive Remote,PA 
NY - New York,Reactive Remote,"Syracuse, NY",Reactive Remote,NY 
OK - Oklahoma,Proactive Remote,"Tahlequah, OK",Proactive Remote,OK 
AL - Alabama,Proactive Remote,"Talladega-Sylacauga, AL",Proactive Remote,AL 
FL - Florida,Proactive Remote,"Tallahassee, FL",Proactive Remote,FL 
FL - Florida,Proactive Remote,"Tampa-St. Petersburg-Clearwater, FL",Proactive Remote,FL 
NM - New Mexico,Proactive Remote,"Taos, NM",Proactive Remote,NM 
IL - Illinois,Proactive Remote,"Taylorville, IL",Proactive Remote,IL 
IN - Indiana,Proactive Remote,"Terre Haute, IN",Proactive Remote,IN 
AR - Arkansas,Proactive Remote,"Texarkana, TX-AR",Proactive Remote,AR 
OR - Oregon,Reactive Remote,"The Dalles, OR",Reactive Remote,OR 
FL - Florida,Proactive Remote,"The Villages, FL",Proactive Remote,FL 
GA - Georgia,Proactive Remote,"Thomaston, GA",Proactive Remote,GA 
GA - Georgia,Proactive Remote,"Thomasville, GA",Proactive Remote,GA 
OH - Ohio,Proactive Remote,"Tiffin, OH",Proactive Remote,OH 
GA - Georgia,Proactive Remote,"Tifton, GA",Proactive Remote,GA 
GA - Georgia,Proactive Remote,"Toccoa, GA",Proactive Remote,GA 
OH - Ohio,Proactive Remote,"Toledo, OH",Proactive Remote,OH 
KS - Kansas,Proactive Remote,"Topeka, KS",Proactive Remote,KS 
CT - Connecticut,Proactive Remote,"Torrington, CT",Proactive Remote,CT 
MI - Michigan,Reactive Remote,"Traverse City, MI",Reactive Remote,MI 
NJ - New Jersey,Reactive Remote,"Trenton-Princeton, NJ",Reactive Remote,NJ 
AL - Alabama,Proactive Remote,"Troy, AL",Proactive Remote,AL 
CA - California,Proactive Remote,"Truckee-Grass Valley, CA",Proactive Remote,CA 
AZ - Arizona,Proactive Remote,"Tucson, AZ",Proactive Remote,AZ 
TN - Tennessee,Proactive Remote,"Tullahoma-Manchester, TN",Proactive Remote,TN 
OK - Oklahoma,Proactive Remote,"Tulsa, OK",Proactive Remote,OK 
MS - Mississippi,Proactive Remote,"Tupelo, MS",Proactive Remote,MS 
AL - Alabama,Proactive Remote,"Tuscaloosa, AL",Proactive Remote,AL 
ID - Idaho,Proactive Remote,"Twin Falls, ID",Proactive Remote,ID 
CA - California,Proactive Remote,"Ukiah, CA",Proactive Remote,CA 
TN - Tennessee,Proactive Remote,"Union City, TN",Proactive Remote,TN 
SC - South Carolina,Proactive Remote,"Union, SC",Proactive Remote,SC 
HI - Hawaii,Proactive Remote,"Urban Honolulu, HI",Proactive Remote,HI 
OH - Ohio,Proactive Remote,"Urbana, OH",Proactive Remote,OH 
NY - New York,Reactive Remote,"Utica-Rome, NY",Reactive Remote,NY 
GA - Georgia,Proactive Remote,"Valdosta, GA",Proactive Remote,GA 
CA - California,Proactive Remote,"Vallejo, CA",Proactive Remote,CA 
OH - Ohio,Proactive Remote,"Van Wert, OH",Proactive Remote,OH 
SD - South Dakota,Proactive Remote,"Vermillion, SD",Proactive Remote,SD 
UT - Utah,Proactive Remote,"Vernal, UT",Proactive Remote,UT 
MS - Mississippi,Proactive Remote,"Vicksburg, MS",Proactive Remote,MS 
GA - Georgia,Proactive Remote,"Vidalia, GA",Proactive Remote,GA 
IN - Indiana,Proactive Remote,"Vincennes, IN",Proactive Remote,IN 
NJ - New Jersey,Reactive Remote,"Vineland-Bridgeton, NJ",Reactive Remote,NJ 
MA - Massachusetts,Reactive Remote,"Vineyard Haven, MA",Reactive Remote,MA 
NC - North Carolina,Proactive Remote,"Virginia Beach-Norfolk-Newport News, VA-NC",Proactive Remote,NC 
VA - Virginia,Proactive Remote,"Virginia Beach-Norfolk-Newport News, VA-NC",Proactive Remote,VA 
CA - California,Proactive Remote,"Visalia, CA",Proactive Remote,CA 
IN - Indiana,Proactive Remote,"Wabash, IN",Proactive Remote,IN 
MN - Minnesota,Proactive Remote,"Wahpeton, ND-MN",Proactive Remote,MN 
ND - North Dakota,Proactive Remote,"Wahpeton, ND-MN",Proactive Remote,ND 
WA - Washington,Reactive Remote,"Walla Walla, WA",Reactive Remote,WA 
OH - Ohio,Proactive Remote,"Wapakoneta, OH",Proactive Remote,OH 
GA - Georgia,Proactive Remote,"Warner Robins, GA",Proactive Remote,GA 
PA - Pennsylvania,Proactive Remote,"Warren, PA",Proactive Remote,PA 
MO - Missouri,Proactive Remote,"Warrensburg, MO",Proactive Remote,MO 
IN - Indiana,Proactive Remote,"Warsaw, IN",Proactive Remote,IN 
OH - Ohio,Proactive Remote,"Washington Court House, OH",Proactive Remote,OH 
IN - Indiana,Proactive Remote,"Washington, IN",Proactive Remote,IN 
NC - North Carolina,Proactive Remote,"Washington, NC",Proactive Remote,NC 
DC - District of Columbia,Proactive Remote,"Washington-Arlington-Alexandria, DC-VA-MD-WV",Proactive Remote,DC 
MD - Maryland,Proactive Remote,"Washington-Arlington-Alexandria, DC-VA-MD-WV",Proactive Remote,MD 
VA - Virginia,Proactive Remote,"Washington-Arlington-Alexandria, DC-VA-MD-WV",Proactive Remote,VA 
WV - West Virginia,Proactive Remote,"Washington-Arlington-Alexandria, DC-VA-MD-WV",Proactive Remote,WV 
IA - Iowa,Proactive Remote,"Waterloo-Cedar Falls, IA",Proactive Remote,IA 
SD - South Dakota,Proactive Remote,"Watertown, SD",Proactive Remote,SD 
WI - Wisconsin,Proactive Remote,"Watertown-Fort Atkinson, WI",Proactive Remote,WI 
NY - New York,Reactive Remote,"Watertown-Fort Drum, NY",Reactive Remote,NY 
FL - Florida,Proactive Remote,"Wauchula, FL",Proactive Remote,FL 
WI - Wisconsin,Proactive Remote,"Wausau-Weston, WI",Proactive Remote,WI 
GA - Georgia,Proactive Remote,"Waycross, GA",Proactive Remote,GA 
OK - Oklahoma,Proactive Remote,"Weatherford, OK",Proactive Remote,OK 
OH - Ohio,Proactive Remote,"Weirton-Steubenville, WV-OH",Proactive Remote,OH 
WV - West Virginia,Proactive Remote,"Weirton-Steubenville, WV-OH",Proactive Remote,WV 
WA - Washington,Reactive Remote,"Wenatchee, WA",Reactive Remote,WA 
MO - Missouri,Proactive Remote,"West Plains, MO",Proactive Remote,MO 
MS - Mississippi,Proactive Remote,"West Point, MS",Proactive Remote,MS 
OH - Ohio,Proactive Remote,"Wheeling, WV-OH",Proactive Remote,OH 
WV - West Virginia,Proactive Remote,"Wheeling, WV-OH",Proactive Remote,WV 
WI - Wisconsin,Proactive Remote,"Whitewater, WI",Proactive Remote,WI 
KS - Kansas,Proactive Remote,"Wichita, KS",Proactive Remote,KS 
PA - Pennsylvania,Proactive Remote,"Williamsport, PA",Proactive Remote,PA 
ND - North Dakota,Proactive Remote,"Williston, ND",Proactive Remote,ND 
MN - Minnesota,Proactive Remote,"Willmar, MN",Proactive Remote,MN 
NC - North Carolina,Proactive Remote,"Wilmington, NC",Proactive Remote,NC 
OH - Ohio,Proactive Remote,"Wilmington, OH",Proactive Remote,OH 
NC - North Carolina,Proactive Remote,"Wilson, NC",Proactive Remote,NC 
VA - Virginia,Proactive Remote,"Winchester, VA-WV",Proactive Remote,VA 
WV - West Virginia,Proactive Remote,"Winchester, VA-WV",Proactive Remote,WV 
KS - Kansas,Proactive Remote,"Winfield, KS",Proactive Remote,KS 
NV - Nevada,Proactive Remote,"Winnemucca, NV",Proactive Remote,NV 
MN - Minnesota,Proactive Remote,"Winona, MN",Proactive Remote,MN 
NC - North Carolina,Proactive Remote,"Winston-Salem, NC",Proactive Remote,NC 
WI - Wisconsin,Proactive Remote,"Wisconsin Rapids-Marshfield, WI",Proactive Remote,WI 
OK - Oklahoma,Proactive Remote,"Woodward, OK",Proactive Remote,OK 
OH - Ohio,Proactive Remote,"Wooster, OH",Proactive Remote,OH 
CT - Connecticut,Proactive Remote,"Worcester, MA-CT",Proactive Remote,CT 
MA - Massachusetts,Reactive Remote,"Worcester, MA-CT",Reactive Remote,MA 
MN - Minnesota,Proactive Remote,"Worthington, MN",Proactive Remote,MN 
WA - Washington,Reactive Remote,"Yakima, WA",Reactive Remote,WA 
SD - South Dakota,Proactive Remote,"Yankton, SD",Proactive Remote,SD 
PA - Pennsylvania,Proactive Remote,"York-Hanover, PA",Proactive Remote,PA 
OH - Ohio,Proactive Remote,"Youngstown-Warren-Boardman, OH-PA",Proactive Remote,OH 
PA - Pennsylvania,Proactive Remote,"Youngstown-Warren-Boardman, OH-PA",Proactive Remote,PA 
CA - California,Proactive Remote,"Yuba City, CA",Proactive Remote,CA 
AZ - Arizona,Proactive Remote,"Yuma, AZ",Proactive Remote,AZ 
OH - Ohio,Proactive Remote,"Zanesville, OH",Proactive Remote,OH 
